{"train/loss": 1.1533, "train/grad_norm": 75.21597036401035, "train/learning_rate": 4.99840706414248e-06, "train/epoch": 0.192, "train/global_step": 6, "_timestamp": 1732980885.5483792, "_runtime": 131.6891462802887, "_step": 5}