{"train_runtime": 15.5557, "train_samples_per_second": 1.157, "train_steps_per_second": 0.193, "total_flos": 36698966728704.0, "train_loss": 7.7629954020182295, "train/epoch": 3.0, "train/global_step": 3, "_timestamp": 1732956295.5945854, "_runtime": 14.295571327209473, "_step": 0, "_wandb": {"runtime": 13}}